animal_name,sex,genotype
C9ORF72-GR400-MAT-B6J/1.3a,f,C9ORF72-GR400-B6J:WT
C9ORF72-GR400-MAT-B6J/1.3c,f,C9ORF72-GR400-B6J:Het
C9ORF72-GR400-MAT-B6J/1.3i,m,C9ORF72-GR400-B6J:WT
C9ORF72-GR400-MAT-B6J/1.3k,m,C9ORF72-GR400-B6J:Het
C9ORF72-GR400-MAT-B6J/1.4e,m,C9ORF72-GR400-B6J:Het
C9ORF72-GR400-MAT-B6J/2.2c,f,C9ORF72-GR400-B6J:WT
C9ORF72-GR400-MAT-B6J/2.2d,f,C9ORF72-GR400-B6J:Het
C9ORF72-GR400-MAT-B6J/2.2g,m,C9ORF72-GR400-B6J:WT
C9ORF72-GR400-MAT-B6J/2.2i,m,C9ORF72-GR400-B6J:WT
C9ORF72-GR400-MAT-B6J/3.1c,f,C9ORF72-GR400-B6J:WT
C9ORF72-GR400-MAT-B6J/3.1f,f,C9ORF72-GR400-B6J:Het
C9ORF72-GR400-MAT-B6J/3.1h,m,C9ORF72-GR400-B6J:Het
C9ORF72-GR400-MAT-B6J/4.1b,f,C9ORF72-GR400-B6J:WT
C9ORF72-GR400-MAT-B6J/4.1g,f,C9ORF72-GR400-B6J:Het
C9ORF72-GR400-MAT-B6J/4.2a,m,C9ORF72-GR400-B6J:WT
C9ORF72-GR400-MAT-B6J/4.2f,m,C9ORF72-GR400-B6J:Het
C9ORF72-GR400-MAT-B6J/4.2g,m,C9ORF72-GR400-B6J:WT
C9ORF72-GR400-MAT-B6J/5.1e,f,C9ORF72-GR400-B6J:Het
C9ORF72-GR400-MAT-B6J/6.1c,m,C9ORF72-GR400-B6J:Het
C9ORF72-GR400-MAT-B6J/6.2c,m,C9ORF72-GR400-B6J:WT
C9ORF72-GR400-MAT-B6J/6.2f,m,C9ORF72-GR400-B6J:Het
C9ORF72-GR400-MAT-B6J/7.1d,f,C9ORF72-GR400-B6J:Het
C9ORF72-GR400-MAT-B6J/7.1e,f,C9ORF72-GR400-B6J:WT
C9ORF72-GR400-MAT-B6J/7.1g,f,C9ORF72-GR400-B6J:WT
C9ORF72-GR400-PAT-B6J/3.1c,f,C9ORF72-GR400-B6J:WT
C9ORF72-GR400-PAT-B6J/3.1d,f,C9ORF72-GR400-B6J:Het
C9ORF72-GR400-PAT-B6J/3.1e,f,C9ORF72-GR400-B6J:WT
C9ORF72-GR400-PAT-B6J/3.2b,f,C9ORF72-GR400-B6J:Het
C9ORF72-GR400-PAT-B6J/3.2d,m,C9ORF72-GR400-B6J:WT
C9ORF72-GR400-PAT-B6J/3.2e,m,C9ORF72-GR400-B6J:Het
C9ORF72-GR400-PAT-B6J/3.2h,m,C9ORF72-GR400-B6J:Het
C9ORF72-GR400-PAT-B6J/4.1a,f,C9ORF72-GR400-B6J:WT
C9ORF72-GR400-PAT-B6J/4.1c,m,C9ORF72-GR400-B6J:Het
C9ORF72-GR400-PAT-B6J/4.2a,f,C9ORF72-GR400-B6J:Het
C9ORF72-GR400-PAT-B6J/5.1c,m,C9ORF72-GR400-B6J:WT
C9ORF72-GR400-PAT-B6J/5.1d,m,C9ORF72-GR400-B6J:WT
C9ORF72-GR400-PAT-B6J/6.1a,f,C9ORF72-GR400-B6J:WT
C9ORF72-GR400-PAT-B6J/6.1f,m,C9ORF72-GR400-B6J:Het
C9ORF72-GR400-PAT-B6J/6.2a,f,C9ORF72-GR400-B6J:WT
C9ORF72-GR400-PAT-B6J/6.2b,f,C9ORF72-GR400-B6J:WT
C9ORF72-GR400-PAT-B6J/6.2c,f,C9ORF72-GR400-B6J:Het
C9ORF72-GR400-PAT-B6J/7.2b,f,C9ORF72-GR400-B6J:Het
C9ORF72-GR400-PAT-B6J/7.2c,m,C9ORF72-GR400-B6J:WT
C9ORF72-GR400-PAT-B6J/7.2e,m,C9ORF72-GR400-B6J:WT
C9ORF72-GR400-PAT-B6J/7.2g,m,C9ORF72-GR400-B6J:WT
C9ORF72-GR400-PAT-B6J/7.2h,m,C9ORF72-GR400-B6J:Het
C9ORF72-GR400-PAT-B6J/8.1b,f,C9ORF72-GR400-B6J:Het
C9ORF72-GR400-PAT-B6J/8.1h,m,C9ORF72-GR400-B6J:Het
